agent-device	agent-device	095f3a7f9e32ed2184de09a5b2167674f18400eae321eaabf59b41a3274c7199
android-emulator	agent-device	ee48bc51171827f3043443f2660c656bf0a9d9085f9c299b58dd6f4832f57249
dogfood	agent-device	603b3744e452d40cc91823b5500bb7d561471b0ba52caf46607a0fa4b05523bd
expo-data-fetching	expo-skills	bbd8bc42c2c2eb6ef26150fdf10d44dd24d2a530f4b02bc5f2f4a1192eb4bbdf
expo-dev-client	expo-skills	3f1a8696daadb61f67941cd662e94774c4da3ac86ede753b219c924b96a9fbc3
expo-examples	expo-skills	f116ed4eb403b33be379260bf15114559ef9e159e34f3bd3f84f95f7ca03baf7
expo-module	expo-skills	8b1b6b9cb501ee54ad39720ec1ec569ec3b2725d3832576213609d3b3fb29002
expo-native-ui	expo-skills	f68c7ff25cbb01a54d3fdfdb1384d775b9f73d98a063e03d89c426eb34c25dd6
expo-project-structure	expo-skills	ba2162ccdcf3a03692be7d84ad18305a194a594845f3021054b7861d1d14479a
expo-router	expo-skills	e8bb87a9295ef512e90334c41ce6ef6de83f35e00ce7a400fa635fd8cbeabd10
expo-ui	expo-skills	95544e0d99be2e0c48aacd29cbfa5159b1049c940e08b45e68e25e418bdf7fb9
expo-upgrade	expo-skills	7707c047d846c1ba91afe74a940dba7f9796cc69afa787cc9feb583a48d8e546
